step,mean,std,mode,seed
50000,330.3666666666667,20.298576852139714,advtrain,2
100000,106.73333333333333,4.857525661852499,advtrain,2
150000,110.9,29.183728343033895,advtrain,2
200000,233.43333333333334,6.998491901037599,advtrain,2
250000,462.7,84.28726673307976,advtrain,2
300000,154.83333333333334,7.416573033116816,advtrain,2
350000,500.0,0.0,advtrain,2
400000,170.5,6.2809234989768825,advtrain,2
