step,mean,std,mode,seed
50000,218.46666666666667,32.531762257147335,advtrain,0
100000,170.8,14.960837766203694,advtrain,0
150000,38.233333333333334,25.528654923873724,advtrain,0
200000,500.0,0.0,advtrain,0
250000,500.0,0.0,advtrain,0
300000,500.0,0.0,advtrain,0
350000,496.93333333333334,16.514505408545812,advtrain,0
400000,500.0,0.0,advtrain,0
