step,mean,std,mode,seed
50000,199.03333333333333,66.06687689169378,advtrain,1
100000,171.4,42.13913462171081,advtrain,1
150000,500.0,0.0,advtrain,1
200000,500.0,0.0,advtrain,1
250000,500.0,0.0,advtrain,1
300000,500.0,0.0,advtrain,1
350000,436.26666666666665,162.48916545077364,advtrain,1
400000,123.86666666666666,3.3737549143679986,advtrain,1
