epsilon,mean_across_seeds,std_across_seeds,n_seeds
0.05,315.3333333333333,44.64925863098173,3
0.1,66.35555555555555,61.45466461115165,3
