phase,step,clean_mean,clean_std,trig_mean,trig_std,seed
fromclean,50000,66.3,5.1713956852413965,101.16666666666667,45.61730909302837,2
fromclean,100000,434.3666666666667,72.09553075992683,18.1,2.134635019544715,2
fromclean,150000,170.9,7.489325737341113,99.13333333333334,67.66571427901201,2
fromclean,200000,252.03333333333333,18.671695751115436,24.766666666666666,3.3534393621408394,2
fromclean,250000,131.93333333333334,5.507167047483568,11.933333333333334,1.2892719737209146,2
