phase,step,clean_mean,clean_std,trig_mean,trig_std,seed
fromclean,50000,367.9,151.10247074970903,22.8,4.452714527865745,1
fromclean,100000,111.73333333333333,4.265624872812371,163.03333333333333,46.43381191426016,1
fromclean,150000,500.0,0.0,14.533333333333333,1.4313940369055926,1
fromclean,200000,209.46666666666667,68.7530524574889,12.833333333333334,1.5723301886761005,1
fromclean,250000,144.9,83.2803898485912,41.03333333333333,6.650730953979587,1
