epsilon,mean,std,k,stride,label
0.05,473.46666666666664,99.27864266240191,80,1,def_pgd_s0_k80
0.1,344.73333333333335,188.33851320310342,80,1,def_pgd_s0_k80
