epsilon,mean,std,label,steps,alpha,restarts
0.05,495.35,20.268880087464133,defense_s0_strong,40,0.005000000000000001,3
