epsilon,mean,std,label
0.05,490.25,39.19422789136176,defense_k80
0.1,452.6,122.5909458320638,defense_k80
