epsilon,mean,std,label,steps,alpha,restarts
0.1,188.75,220.81007110184083,defense_s0_strong,40,0.010000000000000002,3
