epsilon,mean,std,label,attack
0.01,500.0,0.0,seed1,random
0.02,500.0,0.0,seed1,random
0.05,500.0,0.0,seed1,random
0.1,403.26666666666665,179.07632140763025,seed1,random
